building_age,corrosion_level,crack_width,crack_density,moisture_content,compressive_strength,temperature,humidity,load_stress,risk_level,shi,rul
30.6,0.5,5.33,17.49,3.3,33.9,28.7,84.9,13.1,Critical,31.2,12.8
76.1,0.86,0.52,10.58,3.3,22.0,17.5,62.0,34.0,Critical,25.0,5.7
58.8,0.66,3.37,18.78,1.5,26.4,10.4,39.5,21.7,Critical,27.2,6.5
48.3,0.16,1.34,15.98,11.3,32.3,18.4,71.8,15.4,Moderate,51.1,19.3
13.3,0.07,0.63,19.96,10.3,41.6,44.2,77.6,22.4,Moderate,49.2,35.2
13.3,0.64,9.9,7.01,7.6,31.9,38.1,49.0,9.2,Critical,31.2,21.5
5.6,0.03,3.22,15.34,12.8,40.2,43.6,81.4,18.3,Moderate,61.3,47.5
69.4,0.59,8.1,8.04,12.3,20.1,27.1,84.4,23.8,Critical,15.6,3.1
48.5,0.94,2.55,9.6,9.2,20.9,13.8,46.6,19.7,Critical,30.0,7.9
56.9,0.58,6.82,12.55,13.2,25.2,29.2,89.0,17.1,Critical,21.3,7.5
2.6,0.39,7.6,17.47,3.9,41.4,25.9,38.4,34.8,Critical,23.8,18.7
77.6,0.64,5.96,19.68,2.6,25.3,39.6,42.1,31.4,Critical,5.0,0.0
66.8,0.46,4.72,15.37,4.8,26.9,13.4,41.1,23.7,Critical,24.0,3.5
17.8,0.55,4.12,8.36,1.8,35.1,27.1,83.6,22.1,Moderate,53.5,38.5
15.4,0.94,3.49,8.43,8.4,25.5,15.3,69.3,23.6,Critical,38.5,25.7
15.5,0.39,9.3,14.75,14.1,33.6,21.4,39.1,11.0,Critical,30.1,21.6
25.0,0.96,8.31,4.78,1.6,30.9,35.8,56.4,16.9,Critical,31.1,17.2
42.5,0.91,9.65,2.21,2.7,25.8,26.7,66.9,6.2,Critical,32.4,15.3
35.1,0.2,1.24,7.09,7.3,33.5,23.2,35.0,19.3,Moderate,57.5,30.0
24.0,0.07,7.31,5.74,14.1,35.5,23.8,82.9,21.3,Critical,44.6,30.9
49.3,0.1,9.38,5.93,5.4,33.3,26.1,78.2,11.8,Critical,35.0,12.1
12.0,0.02,1.81,4.67,8.1,39.6,37.5,60.3,33.9,Moderate,68.7,51.5
24.1,0.09,0.66,0.84,1.6,43.8,41.2,88.0,32.3,Safe,75.5,46.2
29.9,0.68,7.41,0.36,3.1,30.6,43.4,55.1,26.7,Critical,40.3,24.8
37.0,0.07,5.74,19.75,14.8,31.9,37.5,89.0,21.0,Critical,29.0,12.5
63.0,0.32,8.42,8.56,14.5,24.6,21.0,70.1,31.1,Critical,12.0,4.1
16.8,0.84,1.4,7.69,1.1,33.4,34.1,68.1,8.9,Moderate,58.8,39.7
41.6,0.02,7.95,13.59,14.3,32.4,25.3,40.0,28.7,Critical,26.0,11.1
47.8,0.81,2.02,4.37,9.9,22.8,18.9,82.9,8.7,Moderate,55.1,20.7
4.7,0.28,1.64,19.0,13.2,38.3,39.4,55.6,28.8,Critical,43.6,35.5
49.0,0.12,1.64,15.73,7.4,36.1,11.3,39.7,13.3,Moderate,52.1,18.5
14.5,0.7,8.15,1.79,8.2,30.0,41.6,30.8,31.3,Critical,40.8,29.2
6.1,0.63,6.65,8.35,7.8,29.7,26.2,63.6,33.3,Critical,38.9,33.8
76.0,0.88,5.23,17.58,10.3,21.0,32.3,61.6,9.5,Critical,15.4,3.4
77.3,0.74,3.59,18.89,3.0,22.0,33.1,73.2,18.9,Critical,16.9,3.0
64.9,0.8,8.77,9.35,1.4,26.6,41.3,83.4,34.4,Critical,10.4,1.2
25.1,0.28,3.92,12.27,5.3,31.8,32.3,34.8,19.5,Moderate,48.5,27.3
8.7,0.18,8.17,3.34,10.9,39.0,31.5,73.9,30.9,Moderate,50.8,40.6
55.1,0.75,4.39,19.82,3.8,23.8,12.3,41.2,22.7,Critical,21.1,8.1
35.8,0.81,3.77,4.63,10.4,27.2,28.1,81.5,16.3,Critical,40.9,23.1
10.6,0.99,4.63,18.85,14.6,25.7,15.3,79.1,13.6,Critical,23.3,16.1
40.1,0.41,3.01,12.99,2.3,31.2,35.8,62.4,11.1,Moderate,46.9,20.6
3.7,0.37,7.48,12.15,10.4,35.0,27.9,72.6,27.9,Critical,35.5,25.6
72.8,0.78,5.03,10.25,7.2,23.2,33.8,48.9,16.6,Critical,21.2,1.8
21.4,0.34,2.32,4.61,13.2,32.6,11.5,58.3,20.3,Moderate,62.2,41.5
53.3,0.93,9.0,3.53,3.5,25.6,13.0,79.3,19.8,Critical,20.5,5.5
25.6,0.86,3.84,4.41,10.7,30.5,35.1,57.6,22.3,Critical,42.7,26.6
42.1,0.43,5.44,3.73,12.7,25.3,12.5,51.5,31.0,Critical,37.3,15.6
44.2,0.75,9.06,15.59,14.2,26.9,12.5,59.7,34.4,Critical,5.3,2.8
15.6,0.75,6.24,7.0,10.6,29.6,10.4,79.7,17.2,Critical,33.4,20.9
77.6,0.1,1.17,1.16,8.0,27.1,43.5,50.1,29.8,Moderate,48.2,3.7
62.2,0.9,9.4,19.38,9.6,18.3,35.8,40.4,27.9,Critical,5.0,0.0
75.2,0.51,6.28,17.68,13.2,22.0,22.4,72.7,22.2,Critical,11.7,0.8
71.7,0.83,3.35,18.56,9.0,22.6,20.4,79.6,33.7,Critical,6.6,0.0
48.2,0.32,1.39,19.9,1.4,33.1,22.2,36.0,11.0,Critical,37.9,16.4
73.8,0.9,7.94,3.48,14.0,20.6,37.1,44.4,8.3,Critical,19.8,3.8
8.0,0.39,6.2,7.92,10.7,32.0,33.1,38.5,30.6,Critical,41.8,33.1
16.5,0.01,5.33,15.16,10.5,38.2,16.5,50.9,18.2,Critical,43.7,33.0
4.6,0.91,8.94,13.92,4.0,29.3,16.1,57.0,30.4,Critical,20.7,14.8
26.7,0.09,7.89,3.08,10.2,36.5,13.4,74.9,31.8,Critical,43.1,28.6
31.7,0.32,1.52,16.32,6.5,35.6,33.1,69.1,6.9,Moderate,50.6,28.8
22.4,0.95,3.12,4.49,10.1,25.3,36.8,67.3,31.5,Critical,34.1,20.9
66.5,0.95,2.48,4.48,2.5,17.4,19.3,51.1,18.4,Critical,39.0,9.5
29.2,0.57,7.44,10.74,10.2,30.1,10.7,80.5,20.3,Critical,33.7,16.6
23.2,0.63,0.34,11.86,15.0,28.8,12.9,58.3,23.8,Moderate,48.9,28.6
43.9,0.45,5.7,11.6,1.7,33.2,43.9,88.7,32.8,Critical,27.3,10.0
12.1,0.29,7.62,1.83,14.7,36.3,20.3,68.0,5.6,Moderate,54.6,38.8
64.4,0.33,8.77,17.55,6.7,26.6,36.9,37.6,19.3,Critical,12.4,0.5
6.9,0.67,3.42,5.31,13.2,32.0,31.9,70.6,25.6,Moderate,52.4,43.4
79.0,0.75,8.21,2.59,12.0,21.7,23.4,49.5,26.7,Critical,14.9,0.4
62.0,0.79,1.11,17.77,8.9,19.1,17.2,71.2,25.8,Critical,20.8,5.5
16.7,0.79,8.46,19.11,11.3,29.1,14.2,34.2,9.0,Critical,21.0,13.2
1.4,0.09,1.27,17.24,13.3,37.4,31.5,40.5,14.0,Moderate,62.3,48.4
65.4,0.49,3.97,16.19,6.7,26.4,37.1,81.3,15.8,Critical,30.6,6.5
56.8,0.06,7.97,13.1,5.6,34.2,32.5,43.6,29.1,Critical,27.0,3.8
58.6,0.55,1.5,11.02,10.3,24.5,28.6,80.2,13.4,Critical,42.6,11.1
61.9,0.44,2.29,1.74,12.3,24.1,11.5,46.8,11.3,Moderate,50.1,8.8
6.8,0.89,7.22,8.17,11.7,28.7,43.9,68.6,33.7,Critical,33.3,30.0
29.3,0.35,7.2,7.45,12.2,29.3,38.0,71.6,5.3,Moderate,45.2,27.0
10.2,0.12,6.41,5.2,7.1,37.1,20.2,60.8,34.9,Moderate,48.5,36.5
69.2,0.14,6.94,14.47,12.4,29.3,44.3,48.3,25.3,Critical,22.6,6.1
50.2,0.76,5.43,9.92,2.7,25.0,31.1,42.8,29.9,Critical,27.8,8.0
27.1,0.62,2.52,1.62,8.6,31.4,30.4,32.0,13.8,Moderate,57.5,34.3
6.0,0.1,3.46,4.4,1.1,43.4,36.2,48.2,5.4,Safe,76.1,60.5
25.6,0.08,1.82,13.67,5.5,34.5,38.4,69.2,27.1,Moderate,54.8,33.1
26.7,0.7,9.08,1.52,6.1,28.8,33.0,86.3,30.0,Critical,33.9,22.3
58.6,0.07,5.83,17.02,6.5,35.1,14.5,82.3,27.2,Critical,26.5,8.5
51.4,0.82,4.01,9.9,10.7,21.2,21.8,76.0,9.3,Critical,33.5,11.9
71.1,0.71,4.62,9.61,6.4,22.4,42.5,77.3,27.6,Critical,26.4,0.4
38.3,0.08,9.47,11.85,7.3,36.3,17.9,69.9,28.1,Critical,30.7,12.4
10.4,0.08,1.53,16.49,4.3,42.3,23.0,45.6,24.8,Moderate,58.8,43.6
57.3,0.99,5.86,6.96,6.2,21.6,25.1,84.4,28.0,Critical,22.8,6.5
61.1,0.37,5.06,13.56,4.2,28.5,25.4,70.2,30.4,Critical,22.3,3.1
45.3,0.37,6.11,11.31,2.0,35.8,31.5,63.6,23.4,Critical,35.6,18.9
61.9,0.81,0.18,5.34,9.4,25.7,43.0,36.7,7.7,Moderate,52.8,15.2
40.0,0.95,8.72,17.57,10.4,25.4,18.4,56.8,19.6,Critical,6.1,4.0
42.3,0.99,9.32,15.95,9.7,23.1,14.3,57.6,7.3,Critical,8.1,3.6
34.8,0.75,5.65,13.17,7.5,26.1,16.9,81.9,17.2,Critical,27.4,13.3
3.0,0.38,6.97,17.01,6.3,35.8,41.0,62.8,17.2,Critical,36.8,28.3
9.5,0.08,9.22,17.35,13.1,38.4,32.6,52.8,7.0,Critical,34.8,26.4
3.5,0.78,7.07,14.17,8.3,32.7,20.0,88.6,15.5,Critical,33.6,27.9
51.3,0.56,1.53,16.74,7.7,30.3,38.6,36.6,8.3,Critical,34.8,9.3
25.8,0.42,5.76,13.95,1.4,36.8,40.1,55.4,29.2,Critical,36.1,22.0
41.2,0.91,6.07,13.6,5.8,22.6,39.6,32.5,33.4,Critical,19.4,8.2
72.7,0.11,4.24,12.37,6.3,32.3,42.2,74.4,7.2,Critical,36.0,0.6
20.7,0.49,7.36,15.05,6.6,31.4,18.8,85.1,33.7,Critical,30.6,17.9
33.4,0.01,9.34,3.17,9.1,35.4,36.4,46.8,20.7,Critical,44.9,22.4
60.7,0.47,9.26,17.62,8.5,27.4,26.1,81.5,14.0,Critical,13.7,7.1
19.1,0.06,4.51,17.44,9.5,41.7,39.5,47.5,7.3,Moderate,48.1,32.8
7.1,0.12,1.13,0.58,11.7,44.0,35.5,84.6,20.0,Safe,79.7,59.5
23.9,0.12,9.85,16.52,12.4,36.3,37.2,75.2,28.8,Critical,18.9,12.5
13.7,0.65,8.39,2.58,11.1,30.4,33.0,78.3,26.2,Critical,40.6,25.8
74.4,0.75,1.25,6.7,14.4,20.2,16.2,31.1,6.5,Critical,38.0,6.2
64.8,0.58,9.21,14.87,1.3,29.5,29.1,87.8,7.2,Critical,18.3,2.8
51.0,0.96,8.7,3.22,3.7,23.7,44.5,73.6,17.1,Critical,20.7,6.8
69.8,0.37,5.19,16.36,1.1,33.2,42.8,48.3,13.9,Critical,24.1,6.3
64.5,0.29,5.91,16.64,10.1,28.3,11.5,79.8,12.0,Critical,26.0,2.8
15.7,0.87,3.99,10.15,13.6,27.8,15.8,46.9,13.4,Critical,38.0,23.5
71.5,0.22,0.55,0.13,4.4,31.2,14.6,82.4,29.1,Moderate,56.2,6.4
43.6,0.96,3.35,5.74,14.0,22.2,35.4,36.8,32.9,Critical,24.3,12.1
64.8,0.01,8.03,12.34,1.8,36.1,38.6,72.2,17.2,Critical,33.0,3.6
71.8,0.97,0.05,19.62,14.1,15.7,17.5,62.4,32.2,Critical,8.2,0.0
26.1,0.04,3.33,12.64,5.9,37.1,27.7,35.8,14.6,Moderate,57.7,33.0
9.7,0.89,3.98,5.2,2.4,29.7,39.4,44.5,19.3,Moderate,53.6,41.4
19.0,0.53,5.37,12.68,7.8,33.6,35.6,30.7,11.8,Critical,40.8,29.3
34.7,0.99,9.2,10.8,4.6,27.6,29.0,58.1,24.2,Critical,17.2,7.7
65.6,0.07,3.46,15.6,5.0,33.2,30.7,48.1,34.4,Critical,31.0,5.2
69.0,0.55,3.47,2.14,5.3,29.2,27.8,65.9,23.1,Critical,38.3,8.4
1.5,0.97,7.38,15.22,12.2,28.2,20.4,47.8,15.7,Critical,24.2,16.5
41.3,0.52,4.52,10.83,8.5,30.4,29.8,48.0,24.4,Critical,28.6,11.7
34.0,0.63,2.25,19.26,5.4,28.0,34.1,74.6,8.7,Critical,40.6,21.1
18.5,0.7,4.52,6.84,9.5,29.3,40.6,32.9,31.7,Critical,35.7,24.6
10.5,0.45,1.41,12.65,11.0,35.0,32.3,84.2,20.1,Moderate,54.6,39.7
27.7,0.63,1.76,18.64,4.8,33.1,36.6,81.1,18.5,Critical,39.5,22.7
75.5,0.58,4.98,2.05,6.8,23.4,15.6,70.1,22.6,Critical,34.1,0.0
26.5,0.9,4.19,18.74,2.7,29.0,26.2,65.6,23.7,Critical,25.9,13.8
42.0,0.05,9.15,13.76,3.5,33.7,10.3,83.5,7.2,Critical,34.8,15.9
56.5,0.28,3.62,1.36,10.5,28.2,18.6,41.1,25.5,Moderate,48.8,11.9
29.7,0.95,5.81,6.02,3.5,29.5,35.4,34.7,12.3,Critical,40.3,22.4
77.8,0.89,6.32,14.16,8.4,20.5,44.7,44.4,26.4,Critical,5.2,1.3
77.0,0.46,0.13,1.35,10.9,24.6,13.5,77.7,29.7,Moderate,46.0,3.0
20.9,0.62,6.64,11.64,2.5,33.5,24.1,32.1,29.1,Critical,28.9,18.9
40.3,0.28,1.78,6.92,8.9,32.1,38.0,65.0,21.6,Moderate,55.9,23.1
24.8,0.19,9.61,12.42,4.6,35.9,17.1,89.7,20.6,Critical,35.1,20.7
23.5,0.46,1.49,0.91,14.5,31.5,29.4,81.3,9.3,Moderate,62.9,39.9
3.9,0.35,4.15,17.43,7.8,37.9,35.7,61.3,28.3,Critical,42.3,34.6
49.2,0.58,0.85,19.47,12.3,26.7,31.6,33.8,13.1,Critical,33.7,10.9
40.7,0.08,9.97,19.38,8.7,33.4,16.6,79.9,19.9,Critical,18.3,8.6
5.1,0.97,5.02,14.99,1.6,27.6,22.4,65.9,13.5,Critical,40.5,33.8
23.0,0.99,5.95,2.6,9.9,28.0,37.4,36.9,9.0,Moderate,47.0,25.0
72.8,0.7,0.67,15.17,14.3,19.0,29.4,35.6,23.9,Critical,26.9,5.6
19.9,0.54,7.5,0.49,9.4,30.1,10.2,84.6,6.6,Moderate,47.9,30.5
12.4,0.31,2.1,0.44,12.5,35.8,36.6,70.2,27.5,Moderate,67.3,49.7
39.7,0.81,8.98,6.47,13.4,23.1,11.2,79.8,14.5,Critical,26.6,14.5
78.9,0.68,2.05,9.77,4.2,25.4,36.1,82.7,5.0,Critical,37.9,0.0
20.1,0.16,1.91,15.41,4.0,39.7,17.1,64.3,20.3,Moderate,58.6,36.6
54.1,0.91,0.37,13.67,9.6,23.5,43.5,61.0,6.4,Critical,44.0,13.0
61.2,0.82,4.72,8.92,6.8,20.5,22.9,55.8,13.3,Critical,31.7,6.0
19.8,0.95,5.65,5.47,12.8,28.0,21.4,49.0,26.2,Critical,34.5,25.9
58.5,0.73,0.66,19.94,13.6,22.6,15.2,56.1,6.9,Critical,32.7,6.9
30.1,0.61,7.76,8.52,5.9,30.0,20.7,76.4,30.2,Critical,29.1,14.9
51.0,0.42,4.53,9.03,4.3,30.9,40.7,66.1,5.1,Moderate,45.2,15.8
51.0,0.93,5.24,3.27,11.9,17.8,44.9,83.6,12.4,Critical,31.8,8.4
43.3,0.87,4.41,15.9,4.8,27.0,22.9,56.6,27.2,Critical,26.6,10.3
8.1,0.05,4.01,13.87,12.5,36.2,25.7,66.4,14.5,Moderate,53.1,41.4
67.0,0.03,5.6,4.42,6.9,29.2,35.3,67.9,8.1,Moderate,51.8,8.7
26.3,0.38,1.55,1.65,10.3,29.3,41.0,65.5,15.8,Moderate,66.6,38.9
15.7,0.81,1.82,13.61,2.3,34.2,30.8,72.2,13.1,Moderate,45.9,30.7
4.2,0.99,8.62,13.09,9.7,27.4,23.7,44.2,30.3,Critical,21.3,14.2
47.7,0.15,9.46,5.47,7.3,36.2,24.4,60.7,14.4,Critical,29.6,11.7
54.5,0.59,3.73,19.02,9.2,24.9,34.3,36.3,28.7,Critical,20.8,9.9
2.3,0.38,2.71,3.02,3.4,35.3,10.1,53.1,31.8,Moderate,68.1,56.4
41.5,0.97,6.44,8.65,11.3,20.4,31.7,59.3,18.0,Critical,21.8,9.9
18.9,0.84,4.09,18.87,13.1,29.3,22.4,69.1,32.3,Critical,22.5,16.3
52.0,0.84,0.25,8.39,4.0,25.2,37.8,87.0,16.3,Moderate,51.5,14.5
14.8,0.47,1.56,12.77,2.3,35.1,13.3,66.0,33.9,Moderate,49.2,37.9
55.6,0.41,7.16,7.95,1.3,31.5,30.6,74.6,7.7,Critical,34.3,10.5
31.6,0.27,6.59,5.48,10.0,34.0,26.8,60.4,25.6,Moderate,46.3,28.0
75.0,0.06,0.27,19.68,9.5,31.5,32.5,68.0,19.8,Critical,41.4,2.7
11.9,0.86,2.22,8.19,8.7,32.3,12.3,34.3,16.6,Moderate,51.1,41.0
27.9,0.81,2.31,17.88,4.2,28.6,30.3,45.3,24.0,Critical,36.9,22.6
10.0,1.0,6.72,4.6,6.5,26.3,29.7,51.7,26.1,Critical,41.2,32.0
74.1,1.0,0.2,4.26,9.3,17.4,29.6,58.3,5.1,Critical,39.5,4.8
70.3,0.56,1.04,0.62,8.0,25.1,31.1,32.7,10.0,Moderate,51.0,7.0
21.4,0.77,8.0,13.03,14.8,24.7,33.7,38.4,26.4,Critical,23.2,17.2
53.1,0.94,1.79,7.37,2.9,22.6,38.2,46.6,25.0,Critical,41.9,13.6
65.6,0.85,6.53,17.29,10.7,21.4,19.4,88.3,34.0,Critical,5.0,0.0
44.9,0.25,2.38,9.46,6.7,32.5,38.9,49.9,27.8,Critical,43.7,15.3
42.8,0.45,0.99,19.36,7.0,30.4,27.4,58.9,33.5,Critical,38.8,16.0
20.1,0.13,2.43,3.71,11.0,34.5,12.7,41.8,26.1,Moderate,61.1,40.3
8.4,0.95,7.22,17.37,10.7,27.6,12.0,66.6,13.9,Critical,23.6,17.9
71.9,0.61,8.56,15.53,14.9,19.1,21.7,46.8,8.2,Critical,8.7,3.6
72.1,0.23,8.3,15.42,2.8,32.1,37.5,42.4,28.5,Critical,18.7,0.0
51.0,0.67,3.97,16.9,2.5,30.4,34.8,61.0,24.3,Critical,28.1,9.8
27.8,0.62,6.68,15.22,11.1,25.3,37.6,30.3,6.4,Critical,32.7,15.1
28.6,0.36,2.05,12.52,9.1,30.9,28.1,30.5,15.8,Moderate,52.2,31.0
58.4,0.11,2.93,2.62,4.8,30.0,25.4,43.1,33.7,Moderate,49.6,13.0
71.9,0.67,8.96,0.65,2.1,24.0,15.2,32.2,20.0,Critical,26.4,4.3
71.1,0.52,0.13,18.42,2.2,27.0,21.5,36.5,18.0,Critical,26.3,1.9
62.6,0.77,0.86,12.33,13.5,18.0,25.2,50.3,18.7,Critical,30.1,9.3
51.7,0.52,2.08,15.93,3.7,27.7,13.1,78.2,11.3,Critical,40.5,15.6
7.6,0.85,0.27,9.63,5.5,29.4,17.7,64.3,16.1,Moderate,55.3,43.9
13.8,0.55,1.81,2.35,4.2,35.1,30.9,60.8,16.1,Moderate,68.5,48.5
72.0,0.56,5.83,2.5,6.0,25.2,35.7,47.6,6.6,Critical,36.9,6.0
48.9,0.88,4.21,13.71,2.0,24.9,44.9,85.9,28.0,Critical,29.3,9.2
1.7,0.4,8.93,8.61,8.3,36.9,42.7,53.8,17.5,Moderate,47.8,41.5
9.0,0.13,8.17,4.01,1.9,40.2,32.5,35.2,29.7,Moderate,50.6,41.7
53.4,0.03,3.42,9.83,12.2,31.2,24.7,67.0,30.5,Critical,39.9,14.7
1.4,0.76,2.59,1.28,4.3,37.4,32.3,36.8,11.4,Moderate,68.2,55.5
13.7,0.62,3.8,11.64,8.6,34.8,37.5,50.7,24.7,Critical,41.9,30.6
44.3,0.7,5.9,5.38,13.3,22.0,14.1,60.4,19.2,Critical,32.5,10.6
55.7,0.21,2.68,15.95,10.1,31.7,24.3,82.5,31.4,Critical,29.2,9.7
52.5,0.14,6.24,6.21,8.5,33.7,39.4,59.6,11.5,Critical,40.5,14.1
18.7,0.01,4.09,9.1,5.5,37.5,23.4,72.1,25.3,Moderate,58.9,35.3
57.3,0.35,5.52,0.23,5.7,31.6,30.0,89.6,23.2,Moderate,45.9,10.4
19.7,0.59,4.36,1.45,10.4,33.9,30.6,37.9,13.9,Moderate,53.3,34.2
26.7,0.39,2.94,7.85,14.9,28.1,16.5,46.5,9.1,Moderate,56.1,32.1
60.0,0.44,9.48,9.6,10.3,24.8,22.7,53.7,24.5,Critical,13.4,0.9
52.3,0.9,7.64,12.0,8.8,24.8,21.7,55.3,27.2,Critical,11.8,4.6
68.1,0.35,1.4,5.83,11.2,26.7,10.9,54.7,14.5,Moderate,49.1,8.8
53.0,0.51,8.68,13.9,7.5,29.0,10.8,84.5,24.3,Critical,14.9,4.4
45.9,0.78,4.87,17.2,1.8,28.7,39.1,72.8,16.9,Critical,26.7,8.9
8.4,0.4,8.95,15.6,8.9,36.2,19.6,66.5,26.4,Critical,27.0,22.8
30.0,0.62,8.0,0.79,14.4,24.6,28.1,48.6,11.0,Critical,39.9,25.2
22.0,0.86,4.25,9.61,3.5,32.1,20.5,79.4,31.7,Critical,35.8,21.6
20.3,0.95,0.22,2.1,10.7,28.6,42.9,87.3,13.6,Moderate,57.7,36.1
77.9,0.15,2.69,4.84,3.8,29.6,19.1,79.3,16.0,Moderate,47.1,4.3
32.1,0.93,5.42,19.73,8.5,25.6,25.0,30.1,6.7,Critical,18.7,9.2
71.5,0.49,6.33,2.85,2.4,24.4,40.5,68.2,8.3,Critical,36.7,4.7
50.9,0.26,2.58,9.98,7.3,32.4,39.5,33.1,20.5,Critical,44.6,16.7
63.8,0.46,1.39,12.36,11.6,26.4,16.5,45.5,13.0,Critical,37.7,4.2
40.7,0.98,8.35,14.05,5.9,24.7,38.1,33.6,30.1,Critical,8.6,6.4
46.6,0.49,9.84,11.19,10.3,30.2,26.0,66.2,5.4,Critical,23.4,9.1
39.9,0.33,5.26,0.2,12.1,29.5,26.9,71.2,16.4,Moderate,52.3,22.7
16.4,0.63,1.72,6.53,14.0,30.5,14.7,36.9,15.1,Moderate,58.2,39.7
58.1,0.24,2.72,10.35,4.3,29.7,12.8,53.0,5.6,Moderate,48.0,12.8
23.2,0.08,0.18,1.76,6.6,37.9,35.5,57.4,8.7,Safe,77.3,44.3
2.9,0.13,9.14,7.01,3.1,41.4,27.4,52.1,17.4,Moderate,48.9,43.1
52.0,0.13,1.18,0.66,14.9,30.2,25.3,37.3,19.8,Moderate,58.1,19.3
15.0,0.15,5.77,1.57,14.0,34.6,35.5,55.1,17.1,Moderate,57.6,41.2
75.3,0.14,2.74,7.94,8.6,28.4,36.8,75.1,20.9,Critical,38.2,5.6
76.4,0.64,5.54,2.65,12.8,22.4,15.6,34.3,22.9,Critical,21.2,0.0
73.3,0.18,6.51,11.35,8.3,27.6,31.4,34.8,5.3,Critical,29.9,4.5
30.2,0.35,8.3,13.79,9.7,29.2,14.7,51.3,18.9,Critical,29.2,15.4
2.2,0.9,2.06,16.01,2.2,36.5,36.3,86.5,33.9,Critical,43.0,37.3
74.3,0.47,0.11,4.0,11.6,26.3,33.0,70.1,20.6,Critical,43.7,0.4
34.8,0.67,1.37,3.35,2.8,28.1,43.5,70.7,25.3,Moderate,53.6,26.7
77.4,0.17,9.0,2.09,12.6,27.7,12.4,51.7,14.4,Critical,25.2,0.7
77.1,0.19,8.74,12.73,11.9,25.3,12.0,65.6,28.2,Critical,10.3,1.7
68.4,0.04,5.97,14.13,10.9,30.4,19.9,30.6,28.2,Critical,21.1,4.4
24.3,0.17,6.01,0.63,1.5,39.3,19.2,68.2,20.6,Moderate,62.1,36.3
31.4,0.28,6.65,18.72,5.2,34.4,18.6,84.8,34.3,Critical,19.3,8.9
68.2,0.18,1.75,1.04,4.7,29.2,41.7,66.8,8.8,Moderate,59.1,9.7
26.0,0.09,9.14,10.83,6.0,36.2,18.7,82.4,5.5,Critical,44.4,24.4
14.4,0.12,4.19,14.18,2.2,38.7,19.5,73.4,28.1,Moderate,51.2,37.8
45.0,0.46,3.83,17.42,14.1,25.4,36.6,37.2,29.2,Critical,32.0,12.1
75.0,0.21,5.19,14.28,8.8,27.6,25.7,84.1,8.6,Critical,30.2,0.0
56.0,0.36,0.47,16.03,5.3,28.7,37.2,34.0,13.0,Critical,41.6,11.3
46.0,0.5,1.66,6.79,6.6,30.8,12.3,62.0,5.5,Moderate,54.9,19.3
8.7,0.69,7.38,16.3,7.3,35.5,27.1,38.5,13.8,Critical,27.0,17.3
49.6,0.04,0.83,1.6,9.4,32.2,11.2,30.7,28.2,Moderate,61.2,19.2
79.2,0.8,6.03,17.9,8.2,20.7,12.2,55.3,20.5,Critical,5.0,0.5
12.1,0.63,2.45,10.95,13.9,31.1,41.7,47.7,15.4,Moderate,52.3,40.8
41.9,0.08,3.89,16.35,8.0,35.5,14.9,59.2,16.2,Critical,40.3,18.0
70.3,0.87,2.89,9.05,14.9,18.2,28.6,64.6,5.0,Critical,28.6,3.0
59.5,0.92,3.56,12.87,12.9,21.3,24.4,32.6,14.0,Critical,20.7,6.2
56.1,0.06,7.19,10.53,3.9,35.3,22.2,37.4,24.4,Critical,38.5,10.2
56.5,0.28,2.97,14.63,14.0,25.1,41.5,63.5,34.2,Critical,26.5,6.2
29.4,0.81,5.66,1.63,2.6,31.6,10.8,50.6,30.4,Moderate,46.7,23.6
24.2,0.75,4.76,1.21,12.4,29.2,33.2,73.8,5.7,Moderate,54.8,29.8
64.9,0.18,6.64,4.94,6.3,29.0,43.7,69.1,32.0,Critical,33.2,5.9
65.0,0.21,9.37,3.19,13.3,27.5,29.6,80.7,28.5,Critical,24.2,5.2
69.5,0.37,7.33,17.44,13.2,26.2,42.8,71.5,28.4,Critical,8.6,1.1
73.1,0.48,2.15,4.38,12.3,22.9,11.8,55.8,18.7,Critical,33.6,3.1
41.4,0.62,0.31,19.52,12.1,28.7,24.7,70.4,16.9,Critical,35.1,13.4
40.6,0.37,2.62,6.74,5.3,37.1,19.1,46.5,14.1,Moderate,56.7,26.4
64.1,0.46,5.95,3.64,2.1,27.4,35.6,48.4,7.0,Critical,42.1,6.2
52.3,0.75,0.51,15.79,6.6,22.8,44.3,77.3,11.8,Critical,34.0,12.6
56.5,0.04,4.96,13.17,3.4,35.3,19.0,56.8,12.4,Critical,42.0,10.0
63.9,0.25,5.97,9.96,10.7,29.5,32.9,77.9,19.5,Critical,34.7,5.8
71.3,0.71,3.34,11.11,5.8,22.9,16.9,79.3,27.4,Critical,27.3,0.8
27.7,0.9,7.71,14.38,14.7,27.1,29.8,81.5,19.2,Critical,16.8,8.6
30.7,0.51,1.07,4.57,10.0,27.6,26.2,85.0,6.7,Moderate,65.5,37.5
8.4,0.53,0.75,19.93,12.5,33.7,44.0,55.9,33.7,Critical,39.4,31.2
46.7,0.11,7.28,19.5,2.9,34.4,31.3,49.1,33.3,Critical,16.4,8.3
3.8,0.45,4.95,13.01,13.1,37.3,22.2,64.9,28.6,Critical,38.5,32.3
37.8,0.53,6.88,3.99,13.9,31.4,14.0,52.3,34.7,Critical,34.5,14.1
43.9,0.24,4.35,13.6,7.8,30.8,15.3,66.1,21.3,Critical,37.2,14.6
23.6,0.27,2.46,1.44,9.5,33.3,17.9,72.3,33.9,Moderate,58.2,34.1
47.7,0.38,8.19,0.61,11.7,30.4,18.8,71.3,7.3,Critical,40.8,17.9
3.4,0.02,7.99,5.15,3.4,42.1,39.8,52.5,16.0,Moderate,65.8,51.3
4.0,0.32,6.95,9.25,8.0,37.2,29.6,40.0,11.8,Moderate,56.4,47.5
66.0,0.21,2.72,17.37,6.6,30.0,28.3,55.8,10.9,Critical,42.7,9.9
29.5,0.33,5.9,14.54,3.0,31.6,14.0,38.6,9.2,Critical,42.3,27.1
11.0,0.12,3.61,14.85,6.1,39.4,40.1,83.4,23.7,Moderate,53.4,38.7
42.3,0.89,0.92,8.51,2.0,25.8,35.3,50.8,28.4,Critical,37.5,17.5
61.8,0.59,9.17,6.92,1.4,27.1,12.4,39.3,22.3,Critical,25.5,10.5
18.0,0.68,1.37,7.42,2.9,35.9,34.8,31.5,9.4,Moderate,58.4,37.8
50.2,0.79,9.5,19.75,14.5,19.7,29.0,68.7,29.3,Critical,5.0,0.0
7.7,0.5,4.46,0.8,8.7,36.0,12.9,68.2,24.1,Moderate,55.7,39.3
5.1,0.09,1.85,17.34,14.5,36.8,26.0,50.4,16.6,Moderate,54.4,44.9
43.0,0.54,5.42,11.57,7.1,28.7,27.0,34.3,25.2,Critical,27.9,8.0
43.7,0.59,8.73,8.77,5.4,30.8,15.8,54.6,12.8,Critical,26.6,10.2
51.4,0.75,7.32,14.51,8.1,25.8,43.1,48.7,15.4,Critical,15.9,6.2
58.4,0.43,8.07,9.73,7.2,29.3,39.7,70.6,32.5,Critical,16.8,4.9
78.1,0.13,6.59,17.47,2.5,32.7,33.4,66.3,13.7,Critical,25.2,2.6
41.8,0.28,6.92,18.01,10.0,30.7,26.2,51.9,19.1,Critical,21.4,9.7
26.5,0.36,8.49,8.43,4.0,33.8,24.4,43.1,31.7,Critical,33.8,22.3
63.8,0.65,2.5,5.54,9.7,21.6,32.8,89.3,26.2,Critical,38.9,6.3
22.4,0.57,4.89,11.85,10.1,29.1,29.1,57.2,6.9,Critical,42.5,25.3
35.7,0.36,2.21,18.25,3.1,40.0,12.2,71.3,9.4,Critical,44.4,20.3
7.2,0.99,9.88,4.21,1.9,33.8,27.9,38.4,5.2,Critical,39.3,32.3
3.0,0.61,9.44,12.46,11.9,29.8,38.2,59.1,23.9,Critical,31.6,27.7
77.0,0.24,0.39,12.63,7.4,25.0,26.1,31.7,18.4,Critical,41.4,4.2
67.0,0.1,7.06,14.66,1.8,34.0,11.8,60.3,9.0,Critical,29.6,7.7
56.0,0.15,9.25,2.63,14.9,29.9,37.5,87.8,33.7,Critical,26.9,5.5
33.3,0.25,1.81,14.32,1.8,37.4,17.0,53.1,20.9,Moderate,48.3,28.3
14.7,0.16,5.68,18.18,10.7,36.1,19.1,32.3,12.3,Critical,44.6,34.4
13.4,0.19,9.15,3.59,14.8,34.6,15.8,31.9,20.0,Moderate,45.6,34.2
20.8,0.29,0.34,4.75,4.3,37.4,21.6,53.3,25.4,Moderate,67.1,46.6
44.4,0.17,6.97,19.43,3.0,35.2,36.5,39.6,7.3,Critical,29.8,8.8
57.5,0.9,2.97,3.62,2.7,20.1,28.2,31.4,13.2,Critical,39.4,9.8
53.2,0.08,9.24,17.09,5.2,33.5,17.2,75.4,29.2,Critical,18.9,4.5
23.1,0.52,9.71,9.85,2.4,32.6,40.7,57.5,18.8,Critical,35.4,23.4
76.4,0.41,9.44,4.94,10.7,24.7,40.8,47.4,21.4,Critical,15.0,0.0
59.3,0.98,4.74,17.41,1.9,29.5,40.5,84.0,18.0,Critical,17.7,6.1
44.8,0.11,8.62,8.91,8.1,34.4,18.4,37.0,6.3,Critical,32.7,15.9
49.3,0.4,8.45,10.3,15.0,26.2,25.8,87.4,10.0,Critical,23.9,9.9
34.1,0.97,3.19,7.18,12.4,25.1,44.5,48.8,18.4,Critical,36.8,19.3
20.6,0.87,8.29,11.86,9.6,28.6,37.0,83.3,11.3,Critical,24.3,13.7
29.1,0.82,0.37,3.27,5.3,29.6,11.0,66.2,6.5,Moderate,60.4,32.0
60.9,0.26,5.96,7.82,9.7,30.1,12.3,79.6,30.3,Critical,27.3,9.1
2.1,0.17,2.3,19.39,8.4,43.4,26.2,89.0,34.4,Moderate,48.6,41.8
10.2,0.67,1.21,5.16,7.0,30.4,41.8,47.3,28.8,Moderate,57.7,43.1
4.6,0.93,0.77,13.13,2.8,33.0,28.9,87.7,30.6,Critical,41.3,32.4
4.2,0.56,6.96,6.5,13.4,30.5,27.4,53.4,12.3,Critical,40.7,28.8
68.6,0.57,3.4,15.47,7.3,26.0,13.7,53.1,33.8,Critical,16.8,0.6
56.6,0.28,7.25,2.62,3.7,29.8,33.0,50.4,10.9,Critical,44.9,16.6
38.5,0.77,0.65,19.4,6.1,26.7,38.8,62.5,33.5,Critical,21.2,7.3
8.7,0.19,3.15,9.08,6.8,38.1,23.3,39.2,34.8,Moderate,54.0,41.6
39.8,0.32,5.39,4.72,12.6,32.1,37.1,63.2,26.4,Critical,39.3,19.8
38.4,0.43,7.91,1.47,11.3,31.5,43.8,62.5,34.4,Critical,37.3,14.9
14.7,0.51,3.19,3.4,11.8,29.5,17.1,75.7,22.1,Moderate,55.2,39.2
35.3,0.24,6.26,10.4,1.2,36.4,28.3,80.0,12.8,Moderate,47.0,25.3
32.5,0.11,8.86,6.74,6.8,34.6,20.0,56.4,18.1,Critical,41.4,21.8
49.7,0.61,6.16,16.58,7.7,24.6,37.7,48.1,22.8,Critical,12.7,10.2
51.2,0.29,2.33,8.62,1.3,32.9,30.2,45.6,7.2,Moderate,57.8,16.2
4.6,0.58,0.24,4.97,4.6,34.9,32.2,41.7,23.7,Moderate,68.9,57.6
30.6,0.15,8.7,12.34,11.6,38.8,37.9,33.5,34.4,Critical,27.2,14.5
50.4,0.48,0.21,14.14,2.9,31.4,23.9,50.5,10.7,Moderate,61.2,22.7
